Concentration (g/mL),Uncoated Layer (nm),Total Thickness (nm),Bonded Thickness (nm)
1.0,1.49,2.01,0.57
5.0,1.43,6.45,0.56
0.15,1.64,0.88,0.36
0.07,1.44,0.82,0.68
2.0,1.49,3.51,0.53
0.05,1.45,0.81,0.63
0.09,1.44,0.88,0.55
1.0,1.49,2.01,0.57
10.0,1.48,13.18,0.51
0.09,1.43,0.88,0.54
0.1,1.62,0.76,0.34
0.05,1.5,0.61,0.46
0.05,1.5,0.61,0.46
0.1,1.63,0.77,0.34
5.0,1.44,6.45,0.55
0.5,1.47,1.3,0.51
1.5,1.55,2.71,0.49
0.1,1.63,0.77,0.34
0.02,1.44,0.72,0.67
0.1,1.62,0.76,0.35
5.0,1.44,6.45,0.55
0.02,1.45,0.72,0.66
0.1,1.63,0.77,0.34
2.0,1.49,3.5,0.54
0.15,1.62,0.86,0.38
1.0,1.48,2.01,0.59
0.02,1.45,0.72,0.66
0.09,1.44,0.88,0.55
0.25,1.63,0.94,0.41
0.05,1.48,0.62,0.45
10.0,1.48,13.18,0.51
0.1,1.62,0.76,0.35
2.0,1.49,3.5,0.54
0.1,1.45,0.9,0.59
3.0,1.43,4.28,0.55
0.1,1.46,0.9,0.59
1.5,1.5,2.68,0.47
0.15,1.62,0.88,0.38
0.07,1.47,0.68,0.45
0.07,1.44,0.82,0.68
2.5,1.42,3.63,0.57
3.0,1.43,4.21,0.57
2.0,1.49,3.5,0.54
7.0,1.51,9.8,0.5
5.0,1.43,6.45,0.56
7.0,1.53,9.76,0.52
0.02,1.44,0.72,0.67
1.0,1.48,2.02,0.6
3.0,1.43,4.21,0.57
0.05,1.45,0.79,0.65
0.09,1.44,0.88,0.55
0.05,1.44,0.79,0.65
1.0,1.49,2.01,0.57
0.07,1.47,0.69,0.47
0.02,1.49,0.57,0.48
0.1,1.45,0.9,0.59
0.07,1.44,0.83,0.68
3.0,1.44,4.21,0.56
10.0,1.48,13.18,0.51
0.05,1.44,0.79,0.65
0.1,1.45,0.9,0.61
5.0,1.44,6.45,0.55
0.02,1.45,0.72,0.66
0.09,1.44,0.87,0.55
0.15,1.62,0.88,0.38
2.5,1.42,3.63,0.57
0.05,1.45,0.79,0.65
2.0,1.49,3.5,0.54
0.05,1.45,0.81,0.63
2.5,1.42,3.63,0.57
0.5,1.48,1.28,0.5
0.07,1.44,0.83,0.68
0.07,1.45,0.68,0.47
0.5,1.47,1.3,0.51
3.0,1.44,4.21,0.56
1.5,1.55,2.71,0.49
0.02,1.49,0.57,0.48
0.02,1.45,0.72,0.66
0.02,1.49,0.56,0.47
5.0,1.44,6.55,0.55
1.5,1.5,2.68,0.47
0.02,1.49,0.57,0.48
5.0,1.44,6.55,0.55
0.15,1.64,0.88,0.36
0.07,1.47,0.69,0.47
0.1,1.45,0.9,0.61
2.0,1.49,3.5,0.54
0.5,1.47,1.29,0.52
0.05,1.48,0.62,0.47
0.5,1.47,1.3,0.51
0.07,1.44,0.83,0.68
0.25,1.62,0.98,0.41
2.5,1.44,3.61,0.6
0.07,1.44,0.82,0.68
0.05,1.45,0.81,0.63
0.07,1.44,0.83,0.68
0.1,1.62,0.76,0.34
7.0,1.53,9.76,0.52
1.5,1.55,2.71,0.49
0.09,1.44,0.88,0.55
0.13293247450786505,1.4810146186866462,0.7735627715387519,0.4384470468262747
2.0774060216796535,1.4770498441450686,3.612539052090564,0.5449791968596055
0.32226596531556806,1.633766298563205,1.0644911258765222,0.33758034896226874
9.639784261946195,1.4889781509286328,12.72893673563578,0.4977157066996874
0.32690458395008004,1.6409438084032126,1.0693137916876365,0.3189213157879947
0.5863751639652387,1.4752299246195975,1.3930048958321146,0.5142442323138408
0.8754580342431231,1.4304806171377968,1.8285490509718407,0.6882239969219863
0.10594365023525537,1.4290787778430436,0.9157224017844977,0.6915062516079791
-0.0324676581322875,1.4926590365846848,0.5341517341500663,0.4775798579852753
0.5324242013178749,1.474043405405437,1.3564397061066333,0.5086536750848601
1.6197687145517246,1.5074704203312206,2.8391529913687727,0.4632164340817329
2.229922611422579,1.4876465590668464,3.772423509619164,0.5386619579349298
-0.0676822741538873,1.448418802661061,0.6810871810410996,0.5836849314311436
4.677704177354294,1.4242897672141004,6.044950453695879,0.5611221442054544
0.7381617669189968,1.4873190571438217,1.6821189860406258,0.5878209293408005
0.7005071541601023,1.6194057238107977,1.5202397499588585,0.3999211698624759
5.195345468447803,1.4219867680547282,6.676431909769043,0.5696676233292942
7.02444529098152,1.4969344190398448,9.876339358431224,0.5320897709036883
1.295455813931836,1.4690369188143744,2.3918612670078576,0.6232787923443327
0.3729581710614931,1.4540735281282118,1.2600805237887682,0.6016579981886858
0.18506719910899977,1.629511463983841,0.9001614897704301,0.3410666759501866
-0.04785416441980081,1.4768030835080062,0.5686191389023267,0.4506524730826679
0.3019782209368151,1.4333112470899065,1.1338311937992755,0.5326581822725629
1.2803995910664643,1.5315084117107944,2.405008883334273,0.4535681636002567
0.5471951342030333,1.6209407471210426,1.309738930546147,0.33382337089146175
2.8257582597336364,1.4561265137961903,4.0208845937589395,0.5786301671839681
0.2889615592194682,1.480095232059609,0.9083688326476536,0.44361581055218957
0.21466343281064076,1.4315418355255816,1.0421423281415096,0.5402983638908675
0.2559776986729003,1.6369455732930596,0.9334820418242928,0.333528056078175
0.1417580910953514,1.4414844685416714,0.9684232241481637,0.6091421773889678
1.1823176964197117,1.521090243638,2.3177982862553583,0.46855029151430155
0.21634543073926807,1.452233721599707,0.9679714440464935,0.6507748756151249
7.1288832694635484,1.4992067829694125,9.956062496084378,0.5144957463722584
0.33885553091925,1.4525421177609357,1.2269426305607054,0.6329867894390255
0.3994378767817175,1.6235241669408356,1.103524875650948,0.41740075453479253
-0.2759216234484516,1.6200260743536974,0.35167402956410887,0.38425226255426803
0.9703515283311782,1.4851977708138324,1.9766598774218689,0.5970329470247308
-0.055546133715893786,1.4349970364751468,0.6497799732783006,0.5496049917778327
1.541363497632951,1.5024792986852462,2.7160517399591892,0.4658455834901837
-0.024127835648787677,1.6306252135279113,0.5947104123505413,0.3808727028170683
0.30838014211665477,1.4564867463831954,1.1463063926728667,0.607052034413487
-0.009296473186847287,1.6290253244187483,0.6871593637399589,0.36714271232080914
9.867215021803773,1.4796517754313236,12.982866277847512,0.5176722935450168
-0.11816454173429286,1.6177456705522655,0.47696957655129246,0.3552978961569733
1.3872811626479578,1.5079202046220028,2.543787496591903,0.4554778346071534
5.289098356245639,1.4378122528388355,6.804542654070163,0.5443626938673266
0.8256505323867199,1.4843911027425865,1.691344173331837,0.4965111453241927
0.12439707405535606,1.616765683181574,0.8570996205424047,0.38511860767432565
0.22061397648796577,1.4554605475308269,1.0309251721342017,0.5989305294981043
-0.34993087499025805,1.4491172305398603,0.24871830966670122,0.6752506781845928
0.8118847696724294,1.5039472258840567,1.7580160767055144,0.5526353711169782
0.2060043060478821,1.6248934402632447,0.8775964704834632,0.34167138488614995
2.3688133740942243,1.4480475030458413,3.4904006025106105,0.5929574158065162
10.368554878959387,1.4876134104803242,13.644065832296802,0.4975832602703092
10.000433173006723,1.4851851057065741,13.220687136754785,0.5103969994042988
0.11754452724051548,1.4656924944193004,0.7388399283853939,0.45308260325967836
0.24517954503812117,1.4665070272540481,1.0655151719560005,0.5808388245927149
3.1065942354734366,1.4373722585310167,4.357301924270131,0.5678033613741381
2.0671136639258085,1.4854603835185356,3.587898105733289,0.5321310743474961
-0.16868974349415125,1.459864720444085,0.5671829368117467,0.5899886089722327
10.22738363612116,1.4890620911151196,13.477095288390755,0.502752294985622
0.10211996997752544,1.4433454696203603,0.9294693785152504,0.5399959497082738
0.49500774679306264,1.4808248979733782,1.2989311053030845,0.4987970223274493
0.1431098360705814,1.6371774287984886,0.8426078902674868,0.327399795058698
0.002571223442360507,1.6221826952110274,0.6390417437994292,0.3425453834547807
2.13098383936277,1.4356855588864585,3.1521518044081076,0.6060577284338088
0.27316705692998655,1.6239914938014703,0.9952535652340608,0.4143938810420233
0.7683529817103216,1.493638022926665,1.6171988457807722,0.48400443543434285
4.833011934277094,1.4406037878478928,6.20014761294588,0.5542501605871253
0.5331862342784552,1.6210528006488225,1.3060888749836836,0.33847867020455613
1.058509181276205,1.476288871457856,2.072420786327245,0.5943841915362803
1.1064073515373818,1.4695469043484035,2.1538642270035675,0.6116769045193389
1.8413522150674182,1.4899634740348817,3.2964229279989623,0.5323460504086737
-0.07300392108454487,1.4378176141997618,0.6654629274861206,0.6155521651821321
10.203483165333113,1.4844624749181936,13.448479771655895,0.5094103152349803
0.13767598600308567,1.4401416794828157,0.8397641607620919,0.6619531461024202
6.387518267621602,1.510277260715409,9.059579494074178,0.518181667514906
0.12352349743696714,1.469873483614026,0.7490208380242723,0.4462110072472006
-0.07762503448970676,1.434031014081896,0.6843849465570098,0.5568747208281246
0.023504398164651455,1.5068043185395874,0.5520381471924609,0.45295491775900415
-0.13879353111630674,1.6320527014020167,0.5089354338205246,0.36024620130785007
1.0816269021869822,1.4925485786169113,2.1473088509157603,0.5842368147223059
-0.0043657748571946375,1.6178450926451753,0.7177853396649208,0.37755684726855343
0.2672499301036592,1.448426903576101,1.1077282173498526,0.589846507551451
0.1013544451917306,1.4495818314334803,0.8385293560153269,0.6698286258459212
0.0726426649199432,1.4586020708235838,0.8391286592761414,0.573305940601143
2.552231488688908,1.4364686905501245,3.705547885878879,0.6088483849229411
0.38214561826555743,1.440703294197622,1.168911874591541,0.6593503391314604
2.297334586542156,1.4343821926087794,3.2991748276590913,0.5764012461893406
1.1335836203784408,1.5602243641816225,2.2616799875153553,0.47563817635823047
0.8046387516829423,1.468159855862646,1.6896639100275461,0.5206159435015286
2.2451940526601732,1.4901642165247506,3.78810291817821,0.5356078472476661
2.833617964017774,1.4159974939839903,4.069061129567795,0.5792800736704841
1.2528000040494165,1.476926808608421,2.297734215325431,0.571472372342272
0.547801220215589,1.454914509239941,1.332867257968259,0.5434496021264436
7.455217507908457,1.5097508120052616,10.367559466476402,0.5063104439700653
-0.3368453563923286,1.4512373094771915,0.17734231302849846,0.47010145726419644
4.725792167007595,1.436958446481196,6.06893694984394,0.5548747966159238
2.2369708567179623,1.4243924979325882,3.3165396268099294,0.5655620325457027
0.13172707419830165,1.4396589086896658,0.8335999879814022,0.6697563897016052
-0.036649685204076965,1.4350635430770002,0.7164131717461774,0.5503986395211077
-0.19103085773108677,1.443196195517157,0.5303706085036004,0.6137863494063632
0.30334219796738515,1.6149344875119702,0.9984006266560973,0.3568868875739537
0.2610027090449887,1.439713662337291,1.0745384524520987,0.6775610616579835
0.4628932576683479,1.4367282997359303,1.3327329261657113,0.6859042891296676
2.4144433179128857,1.4465284590520502,3.4290330812008,0.5594148989736818
6.955358538726965,1.509849669893974,9.723301685050163,0.49448794204566393
-0.27271993078060675,1.4529008900391704,0.42680022643912224,0.5955857054474777
0.04809576990879668,1.4901621706109445,0.6242981643167828,0.4537781148227834
0.9978681605244355,1.4775631044828197,1.879933460463116,0.5111975229129416
1.333364395323918,1.4696877398451695,2.3961145776733312,0.6120222584303392
2.118605495391371,1.4781953317056113,3.673971737824794,0.5294938898156489
0.008509333157824206,1.6146346073980211,0.6805799360032835,0.3823464939227054
1.5415510877393175,1.5560640460585333,2.7650871006938553,0.48515286380408523
1.1261860838570272,1.4809218056732696,2.2085045327557222,0.6016670712918707
2.8971071448512586,1.4338027672084688,4.095196378567436,0.562934378095947
0.11203356999264683,1.4735482844259562,0.7069643930577187,0.45015713443947913
0.002717421118735977,1.5034598348410155,0.5188690024233102,0.45869075722892205
6.856222445386173,1.5057883950629538,9.70391709628333,0.5300262416453927
0.6208118476101187,1.4935821126104465,1.3191630627249684,0.4666574955158997
0.10864654914633001,1.4755031326430832,0.6906666353981966,0.4744545222570558
0.2270459954182698,1.6242725993883167,0.9316787418040257,0.34836246428821527
1.129808545604404,1.4865846971023269,2.143497712168305,0.5889857929335404
2.408256946960348,1.4840359658234423,4.078940693399981,0.5362698159266828
-0.1968303701274447,1.6193656106015482,0.3891003471144806,0.41049750886058484
-0.18912284411088773,1.4400797709198998,0.5174937529003307,0.6008520581314533
1.2886656285082319,1.5528095367664159,2.4493372284385795,0.4905024794099748
-0.16063287084543443,1.454355131437067,0.5475563073739593,0.6308331167411364
0.1934379500724584,1.6215303605927496,0.9064034635392867,0.3726512098949151
0.8813274191666753,1.4831332715269763,1.8853967833571679,0.5932987289414616
-0.06300522219264237,1.4860193103701202,0.5038293034728302,0.46367109060747147
-0.5945332390947091,1.4797992799696518,-0.16576244418034103,0.48495522612920305
-0.08481612537992672,1.4421950429691393,0.6295107094886505,0.6233903374366921
2.694345914944839,1.4089266854609597,3.863107242399318,0.5796514372968182
1.9256618923506332,1.5523568514006285,3.249767637325729,0.48912894081351066
1.3560602390492444,1.5095052004279013,2.4919894970363394,0.45519306699823914
0.5133096486591748,1.477454818277659,1.2876934558863802,0.5054723646990298
-0.14024120631727677,1.4452906786203092,0.5630975579563393,0.6521633324669415
0.7035553018234073,1.463266573311819,1.5225339903885429,0.5219270542758959
0.27075621351099244,1.4689372732137351,0.9328785776591351,0.47026163349530087
3.1126606162136357,1.419055396013201,4.3659872169605185,0.5812352065939355
1.7570481522037458,1.4945115850587263,3.191814679776293,0.5225966417680007
2.1146355991994534,1.5479612785749892,3.48081815610521,0.4909834956067344
6.9725700142513,1.5011728971484586,9.876001446318632,0.5286193993453262
0.31839759119982036,1.462146135419296,1.0449392440464067,0.4942660898683205
3.297621932998688,1.4145895376994408,4.639109288005869,0.5647020910000192
0.17620915518838462,1.6386336660355865,0.9221680830597374,0.36114878155316577
0.4135639432667891,1.469866357748873,1.1908348636199315,0.5173819299583641
0.4419178597145258,1.6239196775053644,1.223309872469919,0.37322564394295954
0.07358499193540337,1.4490118182897243,0.8488086130547163,0.6267152022794727
2.705876545470201,1.4234584520683977,3.890466990846286,0.5658640913514906
2.413784828946674,1.4482976768534386,3.4250408642426784,0.5612829616592675
0.10587192135260776,1.6188091104407345,0.8248942284201752,0.4187598729314365
-0.3088193647304669,1.4536948709867792,0.36225434338981033,0.5277864108335555
-0.05865925131480415,1.4496485407524697,0.6118531969649753,0.6648293623063852
0.3768354823640506,1.6166207330792208,1.1361499498867484,0.3840286328545655
0.38211554821661586,1.618864215111103,1.1442983518647258,0.38712424003303636
3.406378844213509,1.4289851548989163,4.704230130445149,0.5770269555156852
0.0908104536387086,1.4385752577065811,0.8408618844528198,0.6534388917768149
2.2634527029301985,1.4868524468720985,3.8665661283802226,0.5385447709654865
1.1107789279517493,1.5053349354039527,2.233004170640478,0.4727987430063552
9.865920010340087,1.4826892761767754,13.004827793193233,0.5028149924442381
0.3111515688416955,1.62649944323199,1.0923831195768308,0.41127130355033453
0.3333134087698795,1.4506373130967012,1.1732106673920146,0.6491862325524259
2.4168786146596464,1.4416930631529146,3.4187013139785503,0.5680389152205565
0.036258335866281854,1.44849964672282,0.8213440725141827,0.5429372913341606
1.2732402774848743,1.5689640762485424,2.4445836779657513,0.4703470679756705
-0.3991230701055419,1.480817194658543,0.030376248140209006,0.46795188962469547
4.998725407560124,1.4254849464287997,6.413330144348488,0.566686777072129
-0.40619912698454796,1.4496062295391574,0.24405407051618888,0.5999025937410902
1.7743648105255958,1.5066989524295418,3.254387838427034,0.5100189387969083
2.6848795961729075,1.4297011873578491,3.904902487310638,0.5540154867325839
0.3568050297538562,1.453507319012798,1.2131863930578728,0.6342568372275641
0.033241230374711765,1.4386700299150088,0.7915085344549003,0.6453408430939944
-0.19879493668872247,1.6390694610404846,0.3804272369731726,0.3147915860514013
0.1566779230252212,1.4481122681279064,0.9448508089359653,0.6540759473580641
1.3240258788138641,1.470099333023357,2.4327470137906824,0.602388973625193
-0.0037775008222716844,1.6282914554810197,0.6431572997199828,0.34021292863707886
1.003197011843435,1.5431652069054893,2.108710710271516,0.5036888686613749
-0.1353893098879475,1.4977784066114634,0.3957298274956431,0.47463629556416165
1.4479068492110938,1.5070402775167466,2.6231663547704622,0.4623356493659096
6.8954654918956555,1.5022758375820568,9.7152038014933,0.5116478729778227
1.5983046591546863,1.479531383409744,2.9734605808256394,0.5553156410940485
-0.4245749472288498,1.4397118905171864,0.17056642167623381,0.6761844827853597
0.9917156681645463,1.4816400132969778,2.040505464482911,0.5963308928619178
0.1844888968358076,1.4689496036531113,0.7993158247422729,0.4655860536611931
0.7787573654502926,1.4800142823454634,1.6146082742356525,0.5045754378423258
0.40067192615144076,1.4696811968750378,1.175137144242293,0.5279738184711561
0.43928115241638466,1.6147341650636022,1.1670900926144845,0.34605352126003025
0.7839810037890501,1.613306482059055,1.5733720326609788,0.39710868779333625
0.005587331190847228,1.6203621128485386,0.7087218158134613,0.37996233435597737
0.00773693788947119,1.4946906299779628,0.5274855923435952,0.4594139765004269
0.03088948669069124,1.4756271462201933,0.6090361930751027,0.4773036552895764
0.3362016373548703,1.4309762112330062,1.0805478890487996,0.6786588534949891
0.2831258301556339,1.4893897855283447,0.8776365566433311,0.46625599492346687
2.69596853748778,1.4427010753014542,3.878075499392148,0.6049076740571063
-0.055056474603103756,1.4639141848975519,0.7001652326819776,0.5805663888302384
0.5243445469712715,1.6208650745815245,1.3152120720516547,0.3732348329884888
0.11564316658344337,1.4301370525866572,0.8509976585664472,0.6906159604839391
0.04716799634667874,1.6315119325609626,0.7274556729210637,0.33974814978333406
0.29519339076837336,1.620702827699221,1.05397136083062,0.3788889761999167
0.21713454408202004,1.4553912124067532,1.0401553475586662,0.6042785290290513
-0.014677371513811044,1.6213331062051275,0.6238382459055051,0.34675223517973974
0.32147301905755304,1.445784599993669,1.1264529914058894,0.6477024932505717
-0.32585171113946293,1.4762887672540128,0.13736429619508828,0.4951419656176482
0.34921768218851146,1.6358131100319886,1.1139230795121307,0.3666886612581891
-0.0031223077251038844,1.4923414981483745,0.5371801488364707,0.47213338463803867
-0.2743649350320311,1.4367019515527395,0.4100230173281411,0.5558066700295408
0.8302113857725624,1.4760842708016821,1.7962940393342568,0.5939112543153938
-0.2278300775339182,1.4986984323186348,0.257193329651636,0.42680217347284344
0.1818584320644443,1.45280836310356,1.0152447786601986,0.5901468811402234
5.122727261605922,1.4277496888519665,6.634684977749625,0.5738659430644987
-0.23441706356767775,1.4391216484211824,0.44792483382323073,0.5499947086804602
5.212748848862622,1.4273670827367153,6.8163757001799,0.5647820815006099
-0.03803136242443389,1.4337983729348154,0.505394285478961,0.4896447512594741
2.061621439661532,1.4829736984833999,3.5968402835262645,0.5372889816296202
0.6237133459395312,1.4775626529676809,1.349151227171846,0.46211361960053715
0.4943727482703377,1.6196562876085256,1.2297345457920479,0.39101014378940646
1.4293694702962056,1.4826890750806765,2.5393095873294684,0.5876598089464339
7.084047624083684,1.5105767259714775,9.938804493065325,0.5101641481389233
0.6827834327437038,1.620734266162494,1.5313001882454653,0.4126569307772926
0.34068102068627737,1.4353302785305389,1.2078582543796375,0.5588986370990655
-0.03845899692304586,1.4503854009423809,0.7220774679292643,0.6030010094485118
-0.1763874207618531,1.4673483747228844,0.3913391526807709,0.48090883116252486
2.686820665243117,1.43946893764561,3.8121851175893076,0.57466477940455
0.2965360523283887,1.612399210523541,1.0550837466687284,0.379290955367585
0.12808369159363378,1.6235370616961478,0.8417308430166952,0.38215085338449944
-0.223030656216564,1.6352187955153294,0.4174384158645091,0.3720523420594784
0.33454614122637577,1.451762985452853,1.0985441490579708,0.6481647218169129
0.37266512729771956,1.4480665412327287,1.1547088630550375,0.6604829165899094
0.44576436208314174,1.4378560923839006,1.273756783879726,0.6478388762606844
0.09733822732468317,1.4476922948041588,0.7839020756131343,0.6585990673338954
2.8683610066191747,1.430916150472352,4.084700772488589,0.5563510122278944
0.15939513469420036,1.4490484992583126,0.8073926571595643,0.46620896782760873
-0.09170836186669348,1.4528219074429762,0.570296620140317,0.6693234329687195
0.014072883526864297,1.5069738485251245,0.5569922311188423,0.44039198850249134
-0.011920820756112852,1.4887112321694969,0.5592988225140231,0.43410260244854676
-0.1572281310579774,1.4417531645178614,0.5105419918362999,0.674765438955783
2.423178891587999,1.4345551461635853,3.5483996492742422,0.5562229713156939
0.1915371660248051,1.6273099029994584,0.9258609664225332,0.370436010714972
0.08155657134784416,1.4352364672108973,0.8395368547241027,0.6798504262538307
5.409800728498667,1.4436660417516165,6.95699239812423,0.5309323857761149
2.016182640973868,1.4926809990795264,3.5345545194677,0.5184048522312685
-0.10806644386295591,1.6235955467475547,0.4824382568675015,0.3375122484153761
6.905794087554214,1.5074429467813348,9.666454289791709,0.5041186197361218
0.9544563525465971,1.481673084209183,1.970553251739464,0.5926662687154595
0.0754361268278631,1.4499138674890715,0.88208274484272,0.6089393187940753
2.392777247269269,1.4208896760834608,3.499682361745048,0.5719746944888908
0.397613422195435,1.6303805064936032,1.1353136463706412,0.4155434592779782
1.5722831413940983,1.5145370117870274,2.776708430812198,0.477817005644559
2.42010436265203,1.4417326019912058,3.4988672047875036,0.5950887131550282
0.0975964653834232,1.465194069468492,0.8026873837817645,0.531792115225827
-0.01698815120444415,1.47551187813556,0.5774156690155263,0.4679776417125942
4.679820676322261,1.449263423131638,6.17873845638136,0.5511084110837704
-0.14141738396246775,1.4514938871864809,0.5303521425591982,0.6619516218249382
2.927622233779357,1.4300498060278621,4.166117634417666,0.5490812531377774
-0.094361664161175,1.4561088633869461,0.6509301564768044,0.6619799213114472
2.5214025123889443,1.431808757956417,3.629777185846717,0.6006667443809528
2.162408559495618,1.4933024939476411,3.7106670973996634,0.5272753606087804
-0.2407478769765803,1.4978490569994813,0.21680732526126972,0.45952773590139523
-0.33435524196720584,1.440933788072285,0.30369419270693365,0.6717980013619586
3.086551275889084,1.4243833243621846,4.373501386405402,0.5616805784546192
-0.12410116321584296,1.439685376271771,0.5312312549706069,0.6712500472763435
0.32865561771695523,1.6223961903942452,1.0686929235650537,0.40105269170333196
2.6195204974082107,1.4345358691068126,3.804296242628312,0.5483441073960025
-0.060258184439328816,1.4583453099469992,0.6364202714701936,0.638593212927693
0.35808440006648723,1.4314885978830583,1.1769032945540225,0.6891093351773866
-0.20303112144530422,1.4442832902973393,0.4888872535031928,0.645844758632083
-0.1970912283783202,1.6264274920656008,0.38128796815991567,0.34789292395987226
0.1940305865944571,1.4357084040775188,1.0248873737288444,0.5379619585021402
0.5808810132676177,1.4693948583712246,1.2912009622680478,0.4786107376730982
1.0894833400151078,1.454671840179517,2.011570799758259,0.530568383186063
0.7302182608739369,1.4942516238022436,1.5654718294364367,0.4744255182699238
7.075089106079449,1.5296869943625548,9.862143023315088,0.5170925039848523
-0.4262113967898948,1.4282295591484888,0.17405340993553453,0.6843320233082808
0.155899090118583,1.5006325856157514,0.7386785332654209,0.4653558636993525
1.7700634807186348,1.5606979161294083,3.021768828636489,0.46659567197118446
-0.12009823424443321,1.4892019343988732,0.36899919846398455,0.4697175305375852
0.06685375001505804,1.4756837814105288,0.6488569463219999,0.46822166336492876
-0.456194933864144,1.4444609028310085,0.14828896205678255,0.6622013313446299
-0.2581698266722252,1.6123015046035194,0.3061993767900293,0.35033970428927413
5.023032766913828,1.4252364855277055,6.457270465505706,0.5666118884342264
-0.3016453211668812,1.4589774726067115,0.16253136877189667,0.4558849152739263
-0.16089406921638896,1.6188668201509613,0.4554304073321321,0.34532304890717846
0.03349383034366775,1.4375049387308168,0.8160358158654253,0.5557420823746242
5.120315125079334,1.44351747487924,6.582073208181828,0.5385921686189112
-0.34697469781125767,1.4432902392327542,0.2570531070770572,0.6603490887702999
-0.24353423033417124,1.4262763517358266,0.3896985583506858,0.7005224056368644
0.5872505253445517,1.4892731926259486,1.3555980786613016,0.4908885087482341
-0.05475461300776102,1.488419272217535,0.5038171708539638,0.44476670138463664
4.869528175921472,1.4372505978228678,6.303725370220686,0.5540039702040052
0.014022421674172714,1.4556348597576247,0.7423323705177509,0.659426972752521
4.396743283308852,1.432838619085722,5.686936531092542,0.5519463532405932
0.2770934880678985,1.425847007317875,1.0806576348972623,0.6571907859461839
0.0331616788913635,1.4834051010542428,0.6018506372644105,0.4358672045383993
0.24334619343573466,1.466161301434315,0.8735297570600391,0.4770048962852611
0.08551499364727838,1.6202244095261618,0.7626961614609381,0.4066845698064951
-0.11937169840839786,1.4465366257583203,0.5913521598147287,0.6391079042521233
0.28835238466606394,1.6298683327335013,0.9965521174028239,0.417268891416998
5.117186289908728,1.4224809016523576,6.602398223439492,0.5734167221671234
0.9693065569775081,1.4869106306995954,1.9751628511142818,0.5847254386383189
-0.16454900996815228,1.6207376851755524,0.4936144448890826,0.38020461531772276
6.862303042447508,1.492769399925022,9.607750661820639,0.5212956292656182
0.6339129410952526,1.4985439003322236,1.562862900740059,0.5673293145043584
4.762562126196982,1.4407322510885843,6.11429162974478,0.5560553252426126
4.83593321204914,1.427508624907082,6.2569671070549004,0.5584231750091666
0.17232748410729842,1.4702320888712945,0.8921956123644932,0.5143127763458033
0.18107405005125105,1.4307016263561547,0.9661020957875961,0.6887946855110516
2.015263518394828,1.543794163306083,3.3680638161567718,0.4993846653329376
0.1375266722142929,1.4478887290223574,0.9384026432109158,0.6338533598144298
0.041172871319226784,1.4917321108765,0.6081288723155638,0.45618193283050834
7.189418006416649,1.5376706749031968,9.99931850148191,0.5108358471156483
-0.25175515181233576,1.4446132532721943,0.2966102136537446,0.47622921156318615
-0.0959083467748922,1.458776676925421,0.6354382849304153,0.6312894533589843
4.813291424346772,1.446778034859576,6.330847810818476,0.5506679664289735
-0.18573768478471692,1.4447771681739794,0.4777180205474833,0.6684175091286253
-0.1037014810855298,1.4869777803593103,0.43171745010436335,0.4636896012598376
5.0097895133286,1.445652469160911,6.444354956221183,0.5428762826695694
0.18299419330490507,1.478027494347706,0.7744143606152422,0.4640044521233756
0.5611159721205717,1.4304766858871891,1.4373745364425479,0.6881636293631246
2.2104099453375676,1.448943100615672,3.1842392249296423,0.5622403148517967
2.700048144606774,1.4136213948524052,3.9014130292321907,0.5790111772509235
1.1910392443838818,1.5528355875409556,2.320740093594574,0.48510571007950587
0.19546369823918264,1.6151509740793617,0.8671144676859894,0.3573614767323304
2.8986819411126263,1.4239522420322113,4.1083861563701065,0.5779947373929395
-0.20360987441309536,1.6323426208842073,0.4068793302108432,0.4155147595410337
1.2393118644760495,1.4904547919322253,2.287516550786638,0.5650848221245441
9.950075720143616,1.474362778535266,13.10319121376766,0.518489578665542
0.23133418702865882,1.483284964293256,0.8792689254338875,0.47414765732283204
2.5663950246481897,1.4497180204459204,3.6701949483599594,0.5794720907583193
2.9746675824610667,1.438485472675242,4.161756736468864,0.5577664012361387
2.912477672247054,1.415617053376822,4.149927410355131,0.5796279851119934
0.9058992951545342,1.4775486029927305,1.8726047040740508,0.5911703662893452
0.5788641760016628,1.4458650414160357,1.4542559449000283,0.6504005767035392
6.9416739502037945,1.5109924194133444,9.776008184221022,0.5027841027531404
0.27590809798110527,1.4254785040809508,1.0952062607794597,0.5430582846183734
0.3549913677563147,1.6248064225296759,1.0841415715013882,0.3508419717458023
1.8968674870309594,1.4743307099786715,3.3812842452558316,0.5442719362714782
5.184651499261283,1.4353187473571565,6.667472647699341,0.5486015598514107
0.31163849382591735,1.4928338966118746,0.9231660487777658,0.4605426170252493
0.27304118679390854,1.4452009933623213,1.0944520801917523,0.6745268023306158
-0.10605716806089195,1.4457946680426512,0.5279439846314381,0.660154331258964
4.860654541010348,1.4316282210974662,6.243643700951701,0.5423111869104905
-0.18942945810462056,1.4214036352984967,0.519187495058293,0.5815666219790367
-0.045498229335374424,1.4434037981344496,0.6233662180838646,0.6819908805726316
-0.14320291206496158,1.4348041304026955,0.5914784043008477,0.556213241925468
6.984109958040922,1.5017461783301684,9.86344331280802,0.5293216832770368
0.014896516317486369,1.484893329748414,0.5039741677591246,0.4752131733818777
0.013973579623397,1.4485171514490125,0.750829150622013,0.6614278744863743
0.2677667001585161,1.6299964635035882,0.978481360425828,0.33624598519596244
0.2597066032763097,1.4306390669550986,1.0690636433035836,0.6841169030605875
0.16334100070137642,1.4288066289386563,0.9554978175887108,0.5385503407720936
0.3430256650603374,1.6373065849091015,1.068189300484917,0.32936152300463933
0.6191877894386196,1.6243866390810606,1.4246985765829483,0.34271245629485436
0.15427037698963825,1.4857875316624387,0.7080286753277482,0.4524648039514801
0.8302380951236152,1.4911814917588104,1.824586534533293,0.5723866352790153
-0.45948938408338497,1.4817760982955457,-0.016194778861984616,0.4748624484254422
0.04929926203099502,1.5010311322702354,0.6186783595149604,0.4664244422307393
-0.01882535260852433,1.6157485447555537,0.6103299940835046,0.35876036233982966
0.1354200480074511,1.6150089274205253,0.8607650213477875,0.3906658605831829
4.876181761949261,1.4387789171760828,6.256303977675108,0.5396572103148785
2.0270541362169894,1.4800236731727212,3.55669534572331,0.5401748409389737
0.2746771341139975,1.4631847255086352,0.9915175814076717,0.5187154493444328
2.208819870942765,1.441966068032691,3.2045223978934576,0.573936374278211
-0.3239537971383292,1.46039211411413,0.3751869874872794,0.6452486637563288
6.771873199338104,1.5138140114972367,9.55556337172667,0.4950320293004958
4.794750376717348,1.4486549357565448,6.296580416188684,0.5418693250344748
5.2743699080513915,1.4487365195752118,6.775835602084863,0.535207754214999
-0.04412474528439758,1.4624743928327892,0.7101733044264755,0.5796719917586353
0.5808453678660381,1.4776515050711392,1.3835578784883078,0.5098394633021083
0.15609073040997315,1.4347606502995294,0.9438794823662989,0.5274262772134024
-0.01903165160069771,1.6272848178397774,0.6248764216034232,0.33855039456119373
7.058190544298307,1.4966184749423923,9.947944736349665,0.5348598192571443
3.385825333703978,1.4262535771703613,4.7160405892681725,0.5842263231848474
0.29005017357692153,1.6234889175506964,0.9911124048274541,0.34793309192287075
0.3389543670191242,1.6242251175802613,1.071889015886562,0.41336883705363464
-0.07048613818120814,1.6243340394665395,0.6222529436986911,0.37535131514723397
2.2610752906296048,1.4163001246084763,3.3381404435053126,0.576922361490742
0.21323148498812067,1.4752740202205057,0.8391645016621072,0.4589073509663802
-0.1307994363977162,1.4619482849463445,0.5781965936211874,0.5725129541753273
0.27265472705717975,1.468821131782814,1.0393551140807178,0.5128026039372875
0.07820654513001161,1.4379681327032807,0.8616865675996671,0.5496276545523664
2.5468077694442046,1.441988742112806,3.627009281951014,0.5667971850020932
0.1777249491756639,1.4422636724643831,0.9920540587498363,0.5231337284927344
-0.20027168844462406,1.6297583694838416,0.34347204510039564,0.41173820141947476
0.2969767622385434,1.4508344026245024,1.1184435153637569,0.665718956089522
2.8666980501291697,1.418919854297803,4.123530266831952,0.5615737811120307
-0.08526200975990333,1.4409446478297114,0.6672048445906593,0.5561226279884076
0.2933712144432827,1.6415548296383835,0.9786180872198182,0.3933124142875342
0.05717103063451264,1.4366687172370058,0.8734585371964616,0.5427257114071473
0.2285086901773729,1.447680431026265,1.0320627483658775,0.5409397205309405
-0.04128489145423833,1.4737573647337352,0.49299965467266155,0.500838151905514
0.5843620228663093,1.4695286478260863,1.3835708289417152,0.5108883956735623
-0.07733581318561533,1.6116481518475112,0.5212519978397636,0.3585987946929205
0.005774104609022265,1.4392469604718923,0.7215512452647819,0.6259772563023532
0.607966163634301,1.4710618667519366,1.3936297458557814,0.5047434334598412
0.3468256613898377,1.4297298232903821,1.1579732145204715,0.6927009278020921
1.0762334191328151,1.4988942035651667,2.0738771654128123,0.5558528124441618
1.3139030764973465,1.5194069011420273,2.438892605604413,0.4705217966577659
3.046664521927577,1.4366241088696228,4.270720232692395,0.5589182462288028
2.4117301152243176,1.4326421662720255,3.446664649266946,0.5819109329619779
5.200986807978128,1.4312038133332334,6.71821976526247,0.5570939978177375
0.03462300585545408,1.6214661908492705,0.76717378573579,0.3868061290085593
0.27708668699226524,1.4530417042262636,1.0312914912431408,0.6557978960953409
2.8633792974286534,1.415185907758023,4.093641425959069,0.5751220576612707
-0.11043699349163341,1.6507171028886403,0.556617590183063,0.34788755644256686
-0.0019534795885215867,1.4681087761130798,0.6245275306267741,0.47931317612431973
0.16393687910940452,1.6348342423941613,0.861947577085686,0.3588650320683863
-0.024454498974683946,1.4449025221837333,0.6482044321453055,0.6679106473060671
0.3315505614844332,1.6320100640466355,1.049173617110632,0.34499541920098603
0.5193615078772511,1.4743995580766218,1.3065341983629781,0.5125936309031244
2.1261267923817297,1.4928514083779465,3.6245095055301193,0.5287202099091804
2.4813053983800493,1.4377029778738881,3.612451568473266,0.6219758675644609
-0.11409266616903782,1.6195758974107293,0.5422785897474273,0.38444814400197486
0.14437397895277074,1.4252653718215906,0.9554351280708052,0.5673638403490289
0.3151908049111561,1.4908251508709773,0.9066375485820011,0.47320130192668697
5.361764321285325,1.4425286359498362,6.9110829782894685,0.5468119285900472
1.8957711615114001,1.4796625422207073,3.397269430837373,0.5384860322010457
1.11608926017141,1.4953533442008775,2.1948947026599277,0.4700051264326985
1.4776836857048947,1.501659931799505,2.6574784433402447,0.4733626013125664
0.024371357828728128,1.4431739490697983,0.7289841830383474,0.6369522389744262
0.01562829385351463,1.4927430736619245,0.5413221206375993,0.47462000556685124
4.947655554685982,1.4486322010863937,6.368074103532192,0.5330735686031379
3.0072837163359147,1.4208994773896708,4.1928809526647965,0.5820571671568104
-0.42274699923785436,1.5070123734562522,-0.0006905658066636011,0.4516596555768917
0.5774814974526082,1.4772359782630369,1.3880937150631931,0.5010566076723653
0.5697098900603561,1.4858943448896924,1.408542931884448,0.503209238919111
0.8342726226675476,1.4837810476511453,1.8227076476527047,0.6009161906013518
5.060604595084771,1.4429679759687544,6.648651917348617,0.5493259346690205
0.16805447320043143,1.4508668999564185,0.986663679107398,0.5354083497601176
1.4702355909439848,1.5120726994354305,2.648326416728119,0.4813545836507773
-0.2097327499779167,1.6212894040732968,0.43664375493990804,0.4002093085272053
0.5973597809575907,1.6200805623623373,1.3849994079778387,0.3535849178038943
0.3551711681938403,1.4465539616797645,1.0442750945922687,0.4821488266073949
2.038946414239863,1.4797920356323475,3.5519339278501274,0.5421123412450534
0.19176839600790907,1.4292606444304374,0.9901013906334,0.6564544066801297
0.604952711882865,1.471028696574423,1.3731150161637165,0.45263267554272996
1.286388481790608,1.5161567868032866,2.4094916612454518,0.4782388572842279
0.02044803450979315,1.4476716387858206,0.7398098877669012,0.6524115614816999
0.2611742724519039,1.4344150494126877,1.0853025462886945,0.690773902305454
0.35209811110823686,1.472736816258047,1.1455838965631793,0.5068994640498458
-0.3217704268847002,1.4303567257185403,0.32955884880067976,0.6888303176127087
0.28195470171093806,1.4518604862373283,1.041019442552189,0.6557217530877499
0.657457910053961,1.475806737000629,1.4594564887301442,0.505301845809589
0.7084928841804358,1.4648485289015107,1.5460991630136356,0.5289047291114739
0.11422396289757816,1.4575975632767768,0.9199674801625213,0.5994515665360771
0.16431464347458266,1.6218462698640996,0.90529912105349,0.3739958805249793
0.2428434337673874,1.6136037179596892,0.9334017393778007,0.36257590990873273
0.3450097915802257,1.4719140106500272,1.084973213685139,0.5097171366158322
-0.03319135711352164,1.6136332866431453,0.6569355784710964,0.3799231602400387
0.11372681690984504,1.4861349109127213,0.685191620009099,0.47502096702670593
-0.16031750669415787,1.4473377382664865,0.5277383118211961,0.6688459245242505
2.850437282349258,1.430700489427567,4.1111242326745545,0.5462254992866531
-0.13097996966555803,1.6376455364841007,0.48835017949934806,0.3199943495709982
0.194162741744115,1.63259942813223,0.9356885978235866,0.3745720526916659
0.03188154528084222,1.4766355336355497,0.6411476445223872,0.4657616948812066
-0.1289447658262004,1.4830566134699092,0.39843983718738407,0.44407667318013466
0.21023019526326628,1.4657607072291425,1.0332823508178686,0.5789179660628878
2.0457405847122785,1.4902871651402185,3.547100989798053,0.5327498995303159
0.6252850724477254,1.435055478125604,1.502420204310431,0.5490924553897018
1.2620543827393502,1.5205242805214798,2.4162022317877665,0.4760187678894955
1.7950033804674086,1.5166301615481106,3.0509227077747596,0.47495622873774695
0.1437385618896361,1.4439470465730737,0.9319809146416574,0.6507346359536482
-0.27110840425642635,1.6270882124365458,0.3050437638904454,0.3286148816778078
0.10303202993909027,1.4675362832361236,0.7780543127539197,0.473118968004954
-0.11982173730477458,1.431142605158071,0.5782585992484495,0.5575552764853672
4.741481351740974,1.4464390027788891,6.132176000249602,0.5438357143449711
-0.11200205339869784,1.4811238390276773,0.5590773987248381,0.5094588822943289
0.24737492517768173,1.6319345634293165,0.9538803883153721,0.3346248591073009
0.27165065822325796,1.4440349028524906,1.025208438860847,0.6848055730166757
10.055328103213766,1.4873127171973246,13.249472549852687,0.49727983955086646
1.4154389431919217,1.5164006349568921,2.5839830219809827,0.4827171707713844
5.228266615312919,1.4422591167035088,6.779319229682197,0.5534639759660546
0.2300790560411407,1.4340081845919694,0.9789145935176418,0.6750119818576985
0.09115088230457327,1.4936024791939735,0.6640706888727974,0.47928870084946046
0.027997953840940434,1.441567217240397,0.7735829998874143,0.6778008905078913
0.4211796086947358,1.4408359332410379,1.2741307131822612,0.675220985676232
0.13092436779491076,1.4428565403346076,0.8955685596804807,0.6664515233535423
0.05510704648372643,1.5025714517851547,0.639499098420661,0.46218386524085125
2.444105392434769,1.4234222561730743,3.580726199416408,0.567913712553051
1.7661972815861415,1.526584383202645,3.0274414983465716,0.4657555700555981
1.2398780345759048,1.5199656117486515,2.3641699852201166,0.4737337484382786
0.17882249068483727,1.4385525827265995,0.957960883001648,0.6838550166888506
0.16729117302352225,1.6304934290695832,0.8465318678954493,0.3303252380503376
-0.02794804918973214,1.431736429130496,0.664274099935825,0.6827123684492664
-0.03192585679247459,1.6228499233055784,0.6525017871987349,0.3888946111707477
6.618295071923165,1.5046896236321643,9.422473500908739,0.5227034070255939
6.803565857892002,1.5198176999219142,9.542192629136004,0.49533845340485094
0.04972444257688565,1.461549624531118,0.6315869395295305,0.46213795351533565
0.3748930610872671,1.4470747681726763,1.1599594136152167,0.6788632479171366
0.7013456471024677,1.4853359250434917,1.6649161331261562,0.5939902458445749
-0.09510497793041135,1.4557972336084826,0.6199937845155654,0.6146666982164978
1.8098381510714159,1.493082467812225,3.2481528776132427,0.5269213107272548
0.09828030093070614,1.4642268535869796,0.8437315827299012,0.5890525717572569
0.3590658944010344,1.4345313915939064,1.1066609913015837,0.6767913630800587
-0.36955444492505574,1.482796713753611,0.12914334913051406,0.4580653727656744
0.07108999217173723,1.4484971051667754,0.7434998800597952,0.6785892319941056
2.564240369275135,1.4265074585258395,3.657656637854698,0.5755172139261058
0.004829431718301219,1.4565035670593212,0.7341415889556631,0.6500979609020813
-0.2688522549251174,1.4428138942282058,0.37937734169432663,0.6701285227975355
2.4125272177911756,1.4433936423601368,3.502138861216686,0.5999476616503954
-0.13595612619035263,1.4489459829212281,0.5300115010453255,0.6668496975955517
2.575192227669062,1.433883185838934,3.7389186335755404,0.5448097477776147
5.164860004751559,1.4217900063276891,6.633475703904316,0.5639894219707643
0.25226530169731054,1.4314720833098926,1.0822688467602315,0.5635390435413024
0.3039083593446727,1.6208103873073438,1.0053254226248034,0.34118487196521585
2.890068123678437,1.4226463804640261,4.096549284326037,0.5731006452891959
2.691892511441255,1.4188786932863457,3.890120400171987,0.554827797516283
0.22535712568075436,1.4390686389801357,0.889847922564038,0.4795907211213459
0.43792872410819395,1.4407554287887685,1.3007277416057097,0.5493051681293991
0.32841707224465394,1.4558028239997274,1.0231947073083882,0.464085917770738
0.051054859336716704,1.6197289644484985,0.7108642175977604,0.3360279453479897
5.104972923681334,1.4449270642884586,6.593171644780429,0.5537807465593876
6.550864499209369,1.5151705664623634,9.26385657699471,0.48007447512255025
0.07982391557924642,1.6305878181163393,0.7406042257777748,0.39021083021809794
0.03287865493004655,1.5100072913219738,0.60232410719189,0.4668645422451121
1.5016870041764807,1.545462513911885,2.723353164482006,0.49906430030387633
0.11470329789670744,1.4313998024001822,0.8972755158170662,0.6984200505255941
0.10994303678237201,1.4551990197307259,0.8229719618345667,0.6563126897970052
7.006461737876149,1.5006732093271724,9.855602505622658,0.5251284536296057
-0.17424592368035735,1.6344916285649103,0.3897498532050916,0.3962826595852511
0.043190189330957335,1.454929948459139,0.6539931149994638,0.4698310309914182
6.831935225242872,1.5070633220988165,9.687789544121944,0.5226894243062425
0.0593483244724205,1.479565455128736,0.6427671062953083,0.476455334359649
0.014070851305560572,1.6112431906036895,0.6396391039771566,0.3508739093668875
0.25138351982401674,1.638443323326376,1.0143303153391565,0.3622866420495243
0.38151617699278295,1.4443533148378753,1.1584853796664605,0.6733040547858712
-0.09039401153478863,1.4610104110745816,0.6690774178634551,0.6029187946334376
0.2798178638282094,1.4739872685295623,1.0045417845370728,0.5083311117119209
1.7167504043404511,1.493493280390519,3.1904446972783322,0.5271621480640349
0.4479298145308521,1.4371375884539495,1.3560501191703955,0.5388304020582338
2.6858110542185707,1.4565778175605386,3.8935207024222565,0.5798863774712945
0.24276557289538833,1.6283518080862565,0.9337236395724473,0.3380584244447042
0.030456602553004294,1.4482029563445384,0.7158657017483544,0.6628666375842692
0.19253915935956817,1.443175820604709,0.9507384414734927,0.6844390430674187
0.014374673006572284,1.488826050908826,0.5567080981588094,0.4699562257224255
-0.2834582308183584,1.448513186358888,0.45039289271384547,0.5937167322408614
0.5694131094421993,1.451836341516564,1.4716476621280483,0.6081168232169648
1.0702741309655823,1.4881120638653227,2.0820563204379474,0.566706178429935
-0.2124242967363043,1.4680425718480703,0.2910458980887938,0.4784627783943265
0.16741956418927534,1.4727174926002247,0.7765264944983268,0.44457480805943267
-0.35052216693487354,1.4822282594011713,0.11070511504694303,0.47505050131395016
-0.12244635813170575,1.4979377151022253,0.3770786690197586,0.4671977690582529
10.198411371031654,1.4722303712971738,13.393785016820198,0.504437030695592
1.8687407104529528,1.496420193496504,3.340992774580588,0.5216644943622127
-0.37758466757490644,1.502739342580026,0.06821629628981729,0.4647199272894515
0.21020349722468853,1.6171796860189847,0.9880588553093771,0.3817449174317534
0.3753370177198889,1.4491716093265217,1.1713393187279448,0.6748707189241842
0.010868459062538693,1.4261139433940304,0.757633700556372,0.5379872672088726
6.612370930469542,1.503967061293615,9.370146696878573,0.5263895336809289
-0.059565718342657115,1.6375342113001972,0.5513194139095879,0.3218431233442484
1.284884422116164,1.495591020090087,2.420071885589085,0.47554037465755333
0.06184847191264045,1.5103167964885083,0.6300340034268368,0.44530675663519537
1.422557663892143,1.50581730942759,2.5399089278065445,0.4525767748138509
0.012288981031667034,1.6077500582753295,0.6745626591716264,0.3647374664884023
4.900313783854803,1.4283718048597251,6.342950101363307,0.5690913628874615
0.15939468683578156,1.4570295206254653,0.7764354907046743,0.4734748570217236
0.18287970105483947,1.6231829006329779,0.8522454664983388,0.3931763542538396
0.4391321549222887,1.467926193991499,1.2051100647341186,0.5078930108146553
2.1709621573421614,1.4174337456995914,3.235435979781017,0.5868946973537866
2.628111476061303,1.4220055477301998,3.7754262578938995,0.5744841545851702
1.5001064043149177,1.4910990903386248,2.6952769544086412,0.4814185214416413
0.4899203837538467,1.4832926131064443,1.282157621998403,0.5080205949299088
-0.13784609952170937,1.6354139152885858,0.49082906681499416,0.3348531255617407
0.17833546662105232,1.4586450835573432,0.963643757790915,0.6450548083413417
0.5045290397585694,1.4446490824792253,1.3093700226114897,0.6654673730838015
0.3186433038437486,1.45649518018463,1.1734320905319227,0.5899273212640662
0.08731236714117001,1.628445955770962,0.7696477427995216,0.3393103366313892
0.38808425796220797,1.4390356828681465,1.2207700101114909,0.6663048919912313
0.005912770163917044,1.4953847317020987,0.5469517960639619,0.4697999810545139
7.158511304901344,1.5325508704280013,9.967285534221134,0.5176578981656812
0.3566335471388648,1.465484584375582,1.0111320046680379,0.4737377202988484
0.1260686172125131,1.42791288535244,0.9541959664316488,0.5500482745320832
0.44077160380489927,1.4863854086165798,1.1213789201097015,0.49126621226198186
0.3651466769215582,1.4561690549479842,1.2233445935136649,0.5985520460737508
0.3930193896558354,1.6240168623212616,1.147354206599576,0.4037876163662667
0.3928474841440758,1.433476733318285,1.1899670838486367,0.6453846637555785
-0.02330177833510655,1.6214803024950748,0.6284959325328641,0.4092177638653706
0.526907274094317,1.6309452030973068,1.326246453847214,0.35882478703921644
10.047122384421531,1.4819485809064596,13.27311670745874,0.5170041375709251
0.5327877974163796,1.4778439770737775,1.329784603312098,0.5045272650406317
-0.12228439494082402,1.4410942828853,0.5599340456993245,0.6764732062529979
1.9115057805373588,1.4707077748765265,3.414466632253675,0.5558171568660694
0.5661730173692341,1.4477782958383438,1.443632229102791,0.663815137934902
0.3647215509005981,1.6230417346193096,1.111842919323371,0.332196394224836
2.815242879425479,1.4237353776661215,4.030752484640053,0.5573085568994893
0.3926453165707391,1.6129254873213403,1.1344420163064473,0.40186299287573635
0.06261898839216204,1.6291256759294381,0.7320694295017837,0.3453097196288914
0.14011282301850486,1.6299816191646037,0.7955920106367635,0.4120842268720146
0.2540910029132193,1.4815107008960302,0.8677459268016037,0.47436726793659195
2.421312854381787,1.4453347313358418,3.460440548499344,0.5663209555843973
0.19139292189103219,1.5055786098816992,0.8020304514149306,0.4599557303128895
-0.0032484683204238654,1.4366357452112202,0.7126550510920914,0.6735685064501922
-0.19642523788052385,1.5086195823909065,0.30572955212870007,0.44471540304280216
10.480621889555703,1.4851122198322164,13.790798206717307,0.5090105289392167
0.14623319426480882,1.445680770185232,0.9729817233133282,0.6030410001384829
2.394464516578148,1.5012886352576675,4.004861267012901,0.520254967908883
0.5878114063986167,1.455241409009664,1.4048300393767417,0.5431096483155485
0.25632263444017034,1.4494181685008516,1.0874578294353046,0.5949084689058373
5.133345495491241,1.43836916468266,6.716590723321289,0.5449545215018186
1.5424617088842556,1.5202021320747856,2.7452532427752727,0.4659720889259029
0.3139889295607918,1.4603921778477602,1.0952832794564056,0.6538631448184802
-0.21547291236527957,1.6365991629250336,0.36896850447408136,0.32421300889144916
1.2658689567216026,1.5719408472864695,2.405889779978231,0.4607241390061474
1.1061953691926434,1.4867197207410596,2.1600692283887653,0.590719282225853
1.888744401492625,1.4894076108363885,3.358597712105359,0.5384047176287918
0.19935658711331516,1.6248707916418283,0.9401564987125792,0.37036224148115987
2.1024147465026153,1.4872520873227766,3.633936180444387,0.5337357700825027
5.0591938096064055,1.4410913491069168,6.519939958047584,0.546368826671689
1.060467396584588,1.485388225675516,2.0980074774926294,0.5958658894239718
0.14391545868109615,1.622681993571935,0.8322908564319583,0.3951418932293915
0.1319400366518754,1.4817904608114527,0.7108574887124345,0.4453175806514643
1.9770642792611077,1.4813614243959252,3.464632747649961,0.5458826933592258
0.07524789423454782,1.4433483591429777,0.8701493150201505,0.5446621037499169
2.19982811525418,1.4452114252071522,3.1483971165225615,0.5545934611762064
-0.020619085321311084,1.432638943111233,0.7246760314577032,0.687077696019872
6.992490893307173,1.4942084021023256,9.858730807941146,0.5287366633818318
0.2318246236247701,1.61171917286223,0.909273173379239,0.4134307423338579
-0.2406842923693482,1.636716552017703,0.3293291990809899,0.33084877297485127
6.990265645651368,1.5113371336447363,9.769141068429766,0.5013763227778864
0.9153169491555087,1.4661436528752554,1.84494113296826,0.5319657622289179
1.242267592845689,1.5550676339974714,2.4184550337223776,0.48986329535609635
1.2171208148749155,1.547698794202828,2.3867293484118295,0.4966956052931922
0.3478145674563895,1.4783898419551127,1.0114933223127691,0.45145340820750157
0.15920432864521256,1.4647818322206658,0.8077334072182797,0.4631539805200754
1.5625656815360893,1.5411392241323063,2.777208030096997,0.5134908912892844
0.3440783086562128,1.6190669624815672,1.099473901363225,0.41199558388886715
1.0555542643546394,1.4782711908194042,2.02894412267474,0.584846047427703
0.16085242532098723,1.46832913271913,0.7945082991348746,0.4542394056054307
6.834483791646744,1.5361527409048708,9.579371311273357,0.5113220030868724
0.02312181691144785,1.6438248330820755,0.7012988582351352,0.356900249174552
0.0038608424469460667,1.4440404442863768,0.7796709464037029,0.5480741242470333
-0.22511419972788774,1.437082116605088,0.48040741887523497,0.5462401889634326
0.06258171135202548,1.4237877428376775,0.7893545730701951,0.691712634281939
0.2026140155309518,1.4589587272155944,1.0501567403852259,0.6091583214649602
5.463167562175467,1.4285445573929028,7.148314799628645,0.5631230301843962
0.3401303967743857,1.4340734221656477,1.1637391034071347,0.6828193006323777
0.27348289357263544,1.4307480342191146,1.120575545995068,0.5603883731701558
-0.2404966536615101,1.6269322989068702,0.3210179483697471,0.3345029870489177
0.3095152228628033,1.6136325669174867,1.0056651582242704,0.40265844741631657
-0.2794407270927621,1.4543657590098176,0.33824535359260516,0.6623833974791503
0.0754143287908664,1.6258949690387208,0.7771354833350093,0.41465971725108797
0.052555653171923226,1.6245318255787278,0.7245104716771452,0.33301550297751265
3.366354463754253,1.429488442291972,4.656017933791884,0.5619577243503743
2.7055186088813077,1.4242881692639917,3.9097298198901314,0.5554831857273265
-0.19163943283682894,1.4547876812125806,0.37093229852433046,0.4590964709558513
1.079139485800144,1.4833450947830276,2.1023875367826883,0.5886448737066325
10.463997683119072,1.474832853340036,13.719884057768198,0.5135005090424727
2.341352994170024,1.4466801767768847,3.345941815152389,0.5572750028483677
-0.04589561742021392,1.6121929842649483,0.6210105463954884,0.3824774189323868
-0.09430669086629967,1.4875002592786886,0.4406951752788841,0.47978629866872036
0.2703518999041827,1.5993954430813784,0.9914049267964307,0.42513815727006166
1.563126364984729,1.5047248165723743,2.7462218790679223,0.4596371716036662
0.2352071314563153,1.6342584026593896,0.9542305868757294,0.33030095820873895
0.27365984479568406,1.452350681000055,1.1438549204838433,0.6060120682335584
0.2912378458485577,1.4813302019581942,0.8900854217744032,0.48455520290640625
0.18471520167989816,1.624091562771575,0.9100615749429894,0.37697387385098474
0.1447706646219206,1.451533541745277,0.9534301331127664,0.5265689428024833
10.099136460828593,1.475186527056922,13.324335109914424,0.5275131556446901
10.217674952458841,1.4798597062960086,13.477695130466458,0.5080903887867183
-0.19791970476448997,1.4921600601086993,0.2988308568530789,0.48371309919268785
0.3526032703842248,1.4246168832797965,1.1454716893699746,0.6853724414510987
9.73005584269439,1.4976215019193697,12.879526150743304,0.49646934087764294
3.1011133506945634,1.4438748840204065,4.310190661892171,0.5527028401736391
5.32677174916691,1.4362554118788413,6.947162497362693,0.5502144039463035
0.28093060954843635,1.6178073042011085,0.9882225741683444,0.40789334069704863
2.2428833920659126,1.4225411695763504,3.3210220510956043,0.5706060092113581
0.047635410757651694,1.4491858840869412,0.7716530159639583,0.6591259836697954
2.519276420501298,1.4155924265354771,3.6574325183133545,0.5742285458653009
2.794691784953704,1.438383988846696,3.968345363600879,0.5932255234903019
-0.028267424116902293,1.4483083698321304,0.6646220172342521,0.664289931999671
0.4660821101600099,1.4749280840688328,1.2472502302215691,0.5082138219868755
-0.17403277387393137,1.4489464408319488,0.558566326280787,0.6124526023690119
-0.10206789995888582,1.4454541133625796,0.4917350589252324,0.47950314790171394
2.3599096022785577,1.422095740290655,3.469064129734156,0.5587202775545779
0.09789682110622408,1.6078583799381443,0.7838081164634969,0.416225318120403
0.29642704408809945,1.4977283132599422,0.9077511340135114,0.456445036017591
-0.08916776262686242,1.4908094553314837,0.43528962293848994,0.4715741062333768
-0.341724530233801,1.4536455587289057,0.3017991780060374,0.660505124196269
0.26353978921710847,1.4357423619726215,1.0549204476008123,0.6510769471072266
1.327316289912814,1.4985061065145147,2.453641878775232,0.5596705644817561
-0.20855075912667642,1.4565902990104977,0.3393347630430553,0.4908986651757592
0.4367416730191137,1.6198224045318095,1.181727072195252,0.36937899436878197
-0.5791538766121709,1.6228423158034235,-0.08520481284671011,0.3303687214111029
0.21072950591660766,1.4272528853593602,0.9808893065795596,0.6636302402189795
0.1485306767863594,1.4451872066219305,0.863337283468652,0.6675190300790417
-0.1363346215518444,1.4595998210730095,0.4460785485063419,0.4645705957751741
0.02587036426443895,1.6136466091609298,0.6475274914285922,0.36714653766393696
1.5175395098962408,1.497622174238482,2.72567254326101,0.4812867353818616
2.769877654507069,1.426634363142825,3.987364656957119,0.5400650256418711
-0.17748692901067556,1.6191611053778139,0.40539132840838593,0.3345806713240247
0.25623022646942617,1.455327338637739,1.0780145952818423,0.5877445680720768
1.361660605894333,1.5190066720785917,2.5281653132719444,0.47020409506848665
0.21732277677633122,1.6170766762873807,0.903086558622216,0.3567284068785792
4.907304532628135,1.4308382637513912,6.4155488655512976,0.5648462061576401
2.5231269816083746,1.4164508693992115,3.663899123545993,0.5744834085170024
0.03379915113268168,1.445034556506692,0.7651227812824438,0.6714141166356528
2.165396619013386,1.4217457932763695,3.2072819655043543,0.5638960946398468
1.85888595095013,1.4950559007374726,3.347759392194995,0.5229284142371432
0.05386482012825741,1.4764076548557392,0.6011386387343224,0.46680455537307997
-0.6243212697237526,1.4401902090083454,-0.061665878754089576,0.6704160267656329
2.1518568573093777,1.4432446468384403,3.101637978080705,0.5604482752505653
6.958930996795772,1.5089992009280933,9.732295327967979,0.49243031080477234
0.08131305850635645,1.6194628215917062,0.7423515897980837,0.3576955519075243
-0.1358872606826246,1.4350720536244232,0.5734773328846849,0.5356674973213125
-0.20193523149229056,1.6136985267791113,0.39447007016974767,0.3617190100028778
0.19336786724959937,1.4461854259789333,0.9707473089303509,0.6778410632131561
0.20173834270038227,1.4538360736347535,1.0221043864049428,0.5186765753712221
0.23327807962129912,1.5017054586223098,0.8357721613281723,0.468654790271737
4.912384835593921,1.4506254889558508,6.38643831097191,0.5374711311173546
0.3733841443885364,1.6303514079842039,1.131371961724414,0.3439102645702707
7.051940154423058,1.5040029780622155,9.829770229366792,0.5040293491301061
-0.15745655254412666,1.4462596487352648,0.3775667758728142,0.4774820778353804
-0.07202352978741405,1.6308153349488763,0.5443733488426611,0.33683423642137666
-0.05822233110014627,1.5065696336079508,0.4949808190704561,0.46337260212888826
0.18329213189039928,1.4489699662885638,0.9469693059443192,0.6568094877421625
5.067772676106697,1.432952131934152,6.615058312289943,0.5627529223517631
-0.28079830405031947,1.463135191337611,0.45184547711837136,0.6005943346114775
2.5181229787551445,1.4380568197223236,3.6597476629139076,0.5939158784645422
0.6479063208674509,1.6269472275409822,1.4481092696341689,0.34804604321046406
0.11411727936455357,1.4462599808950758,0.8788214919067656,0.6875994037303903
0.3405107471465553,1.4799911567103543,0.9898022813961889,0.4682693168189859
9.74500014133405,1.4790961503579187,12.840074599391926,0.5147984593577752
-0.31027643471447447,1.4475108967210035,0.3636991700766618,0.6786089536166304
0.7895607274367227,1.4759502536113034,1.7667690393214655,0.6053383626180204
-0.06479899960927105,1.4400484361930157,0.6730680630971966,0.6831536992885917
-0.3705258894657608,1.6267346258325353,0.15801709588376367,0.33292616952472104
4.677999485834377,1.4376110758884457,6.061999972101242,0.5514812061849659
4.781151986550928,1.4501709199241641,6.2031527364242605,0.5418663997331487
0.23531549915473376,1.4584006207521099,1.0637402301342147,0.5239714383926463
-0.02903703866254198,1.61127892761821,0.5716018113214251,0.3576368547257922
0.5888099333047735,1.6015821695705363,1.3906886489198365,0.42544901608517266
9.525332594814358,1.4801216916270206,12.606428977598343,0.513238474008918
-0.13923696422946402,1.4480143871751727,0.5536442886342473,0.6323932145232305
0.14527648809121693,1.4530080575567774,0.9684104599989286,0.5965619384077341
3.420651988526346,1.4283244758964058,4.714294799591855,0.5707846692827395
6.890238769387895,1.5185106303157128,9.636614206375448,0.5378385320669563
0.1569030960703035,1.4194195411363406,0.9235514777108673,0.5492436107350274
0.3679507835670811,1.6348529749803444,1.1077613331032312,0.3177534071335111
0.34080869769712563,1.61840639408,1.0591238747508067,0.4086961762684819
-0.18008319006831303,1.483389718315156,0.3216671461627013,0.4812741582092067
1.2364009792031712,1.5519792435846984,2.399698826708189,0.49440934286939325
0.21864382342756494,1.4776639767352895,0.8106122473198915,0.45652026524038125
5.149716444587077,1.4406840033960142,6.71521639130059,0.5519148891487488
0.20207432826695312,1.6130767393693208,0.9401299562704768,0.3895658332122388
4.8074383592156975,1.4403311853304102,6.28946950523831,0.5478359057600283
2.224531660195642,1.4295181587437666,3.164048641152117,0.5717779408993934
2.3063317954742595,1.435991522554687,3.3762092180808505,0.5378059601688159
0.14120725848984256,1.4533413479146418,1.0008422690542627,0.588608260580238
2.5981044184322135,1.4345724143845624,3.697279132703219,0.5615442600859911
0.5259198264698105,1.4670299037799794,1.3017916216367416,0.5248178885078609
0.2878596138506141,1.4508034372482759,1.0532102604680857,0.6492511312482862
0.15508919882996464,1.4169802467265415,0.9721423264147877,0.5659158050875824
6.623341370086373,1.525989806791674,9.283675929708616,0.5249358078862083
0.0693554975491196,1.6219025599991193,0.7775164489831095,0.41249190998895086
0.3955050887042598,1.6145461968148944,1.160934468849338,0.38892759950685407
0.14668994637052613,1.4491360417730632,0.9666262162892181,0.5986461370797096
0.37623415744368877,1.6282900743442665,1.1590077102205598,0.40003940772984
-0.09089722483002637,1.4863535211301369,0.44297446116378536,0.43688028210206314
4.947337857958796,1.4283938458650098,6.414454382515783,0.564230513496702
9.85493608180543,1.4800472205041795,13.006174821866148,0.513387445409584
0.07624043126933729,1.4580710176536922,0.6906364001663209,0.4876588747137217
6.636573328793571,1.5234309276375102,9.351630097765755,0.4881810571833452
0.09424560922802083,1.6199418831279515,0.8020447346811542,0.3791792002870137
0.1347570940035471,1.6156479498931295,0.8041447200095103,0.3636384981954216
-0.4698667586550785,1.4871567929747036,-0.020605511949933097,0.4603673578936961
0.02144466923369412,1.6395792353255703,0.7239519794537859,0.34834325239389574
0.007865259807129307,1.434272308716481,0.7768154687492923,0.5276361798531847
3.4050159040190406,1.4414070227250055,4.727303267867572,0.5614836968754772
0.2153054172670479,1.433019617246946,1.0050602777149351,0.6911140340516553
1.8834449563043736,1.4960967024349592,3.325037001494611,0.5300906826229591
7.03794709715142,1.5273290339351004,9.8250880776131,0.5189073810040292
6.962038903073467,1.5272796835654865,9.70182903383972,0.5297978667401747
0.2763660767113424,1.623376769171324,0.9670609197485718,0.39988109166002656
-0.1570795551097375,1.6209655577333957,0.4776763063790212,0.3770721168020861
0.1921694096549461,1.482792010354737,0.8657120930426448,0.4563294054957292
2.980194639939633,1.411292137916295,4.247573591750075,0.5835963569396054
1.1200712268612145,1.4871325456200795,2.1496489672602834,0.5751104302741457
1.826224505673773,1.5238133508070886,3.0981735303302957,0.46466943248770787
0.3815877638112607,1.4228240923470954,1.2755845560326204,0.5424559003797527
-0.09156580305971515,1.4309864912245445,0.6585096439696488,0.5440126942697108
0.9721410615272946,1.55967539548613,2.0553364388292814,0.48017959247564956
0.37619817549593104,1.4731258936491094,1.075847174700122,0.4553445698668147
-0.0389560636821224,1.4424982285557557,0.7178916004401159,0.6294460971541955
0.25575642267628335,1.6202884265153221,0.9315239563416611,0.3327426707722549
0.7038109208986143,1.4282389019996953,1.6174590555403634,0.5611222617015356
2.8718060607174074,1.4354235346636377,4.04029714096396,0.5624151199880939
0.3100448679361051,1.4517720464553459,1.1861747390526114,0.603885953033401
-0.16227424523550651,1.451311996459929,0.5353526038168037,0.6017175516464558
5.43219462929337,1.4281652729867615,7.0506918574860125,0.5594466374948142
3.199728147299316,1.4380173875841566,4.453615868422372,0.5601592200739207
0.20299084497063374,1.5002358934394426,0.7999851840271048,0.4523552449395422
-0.11244089701550902,1.6285912223367145,0.5171439416775565,0.3369696441593697
0.32360937823478864,1.4503785429434413,1.2052039588018368,0.593917897517377
-0.2765037877077525,1.437213111052998,0.40754417812764887,0.5243734364286918
0.051291250226510016,1.626410912866024,0.6729044728778305,0.4072358313403342
1.6283634460076164,1.4942595695146261,3.0566812004887414,0.5235295637245081
1.2187790480750755,1.494271441008969,2.298651451930174,0.5745638548213732
0.3960691534837394,1.6261035051677954,1.1604024677221794,0.34946748968975355
-0.18653505453064131,1.4825187388487564,0.34125614651897707,0.4957082611298374
0.4745930344041892,1.4833656802189812,1.1616983851221103,0.4672004158714573
1.3008896964998644,1.5054197852148066,2.439554050269845,0.46003628570598826
2.066917255090634,1.434459194844813,3.0425146485588606,0.5825987395758049
0.3896681835052902,1.6221453020943954,1.1208025720129688,0.33255440061269687
0.26548553066619984,1.4543823864471432,1.0908642007044795,0.6008378239916932
0.0020970995159929444,1.4534028014842724,0.7262019655590509,0.6633868549002659
-0.14414101521313064,1.4284434544583962,0.5330650487918812,0.6907441183348373
0.2862007546327517,1.4295325007514328,1.1350775269696072,0.5434959276642726
0.17068441627069286,1.4414302400237349,0.9405489859009241,0.6792908845177851
0.9545816167856568,1.4805700138421674,1.9562704225224243,0.5903499497502243
4.930255051347232,1.4371621096603844,6.480199231117466,0.5526067993789976
1.6863296436300068,1.4998355372162804,2.9198881422596967,0.47261981250174584
0.6062322554116042,1.4639122037274257,1.4331481117404479,0.519136389730349
0.1365487692265129,1.447088135485484,0.9297974511796211,0.587531815308871
0.49657149919467075,1.4691208059243936,1.2900881439912413,0.5186221356261398
1.174686936205489,1.493356252327659,2.2282519487233277,0.5671532622320046
0.14599656353183377,1.4446643902417906,0.9241829486990923,0.6639415863839774
0.37206950624803387,1.497736106448057,1.0313259747316392,0.4697367453451787
0.3046340611327887,1.4482932849140762,1.0447361105276372,0.6668428850842154
0.31194209193251254,1.5087284604804176,0.971625778345043,0.4428394234105543
0.37462143283402516,1.447747218371722,1.0716025147021817,0.4775642749587103
0.612986120463718,1.4859819814279571,1.4059203048415039,0.497932444427166
-0.11652769103421143,1.4478342917528806,0.4146278876962396,0.47416876105357175
3.254411609511627,1.4489550289395146,4.516180442829802,0.5425610159499943
2.5143634510187445,1.422327834518003,3.6528819673166377,0.5589135926702424
-0.5002039894951958,1.6490537875003557,0.0686776675597145,0.35629624410082955
0.05666169291201055,1.4494427732825297,0.8646170791834258,0.6018635828672156
-0.42972675518515313,1.6363340102065362,0.15872952749387792,0.37107614768372693
1.6046224694136972,1.4896138532911085,3.015096987392052,0.5401124014426175
0.2994604139303024,1.478330087323045,1.0333219860395004,0.5131798017401976
0.33600093940972436,1.4555958017789747,1.0285101547957094,0.46846639165390497
0.13436373873727628,1.454207945730535,0.8686136297189239,0.6536558524651384
0.20193515342032717,1.4424581394848217,0.9138934097256163,0.6719195073436884
0.4412763393224878,1.4485276713482296,1.3112048792762205,0.6031194818236756
0.682160246512354,1.4636847024202058,1.5407317209204605,0.5113096581022438
6.862919357837147,1.508046528710974,9.728954206971999,0.5219473155592161
1.5743926489153928,1.5026568866687322,2.772905555688821,0.4667019661773323
0.5662458410391767,1.4695836045769333,1.3791957425223476,0.521005492559982
1.7172662440648057,1.5442627774825606,2.975159594272676,0.5005073405695598
3.068885726350054,1.4358650739360739,4.266805679122654,0.5588270064595677
2.680147146657468,1.4323684631828872,3.7965400608706896,0.5658196817933925
0.2853334264059806,1.4671107740018527,1.0090537957824683,0.5249751012283066
-0.2322992672787175,1.443740763615268,0.3722256145197988,0.6732404647471997
2.555673148374544,1.4428300476435418,3.602703659047426,0.5581742694781376
0.5432460347189916,1.4787703713632248,1.3601342342923382,0.5087902821987323
1.810371739389657,1.471716941994705,3.246369241553933,0.5598296273637692
0.3473226097015906,1.464494543011725,1.0889978482500071,0.5072265192266944
-0.06086832982920465,1.5011624127805356,0.5060229528610768,0.47469977378242184
3.0082912252449288,1.4264601802974954,4.2261972820644464,0.5815286744301164
-0.09925380346347515,1.443079272511004,0.6594750799012343,0.5474152335276381
-0.10025974053460819,1.4898291399431651,0.4063419038386039,0.47231143948559423
0.2603589345103573,1.4423354755629239,1.066948924384895,0.6742273710914422
-0.07551412101870222,1.4522277177609488,0.6003621766024658,0.6584494555817887
0.44501893913861673,1.437630064002857,1.3273929995954528,0.6924040189088764
0.3166359553453822,1.6356482512792954,1.0023070144641788,0.39467326269925196
0.29488664335097864,1.6244344149342211,1.0190336072690416,0.40074170643898893
-0.1412134448059003,1.438790609427466,0.5772132322837074,0.546830035691546
1.6723340151657609,1.5000507929764622,2.9110107473298905,0.4843468125445446
-0.11220550350511949,1.4650693121202285,0.593498194368094,0.5676021664685506
-0.11631034918571614,1.4759754116249542,0.5219356790565841,0.49659916246907976
0.012700524696863058,1.4493091457108054,0.7629872754187943,0.6109783422087988
1.0513268996659415,1.470141438397644,2.073566081953291,0.5944295199668954
-0.15348526271615773,1.630696418697153,0.4613113268160571,0.33966112421158073
5.447971941865165,1.449327141494863,6.998350926583355,0.5401554615651297
0.10341144641641173,1.4767019252130686,0.7084052782940893,0.4598132391009819
2.6926485635200517,1.4281765967554254,3.8498502609237595,0.6130606530939078
0.24105850564393633,1.6387051040021574,1.005636727801577,0.3705882243756069
1.9655124144016471,1.487763698045925,3.436341985842759,0.5293144750896364
7.072059711788307,1.5109177802939429,9.855173808297213,0.49001388422454345
0.41474996631211736,1.6218155850953622,1.1781676796049316,0.37580515081816634
-0.07924540018459568,1.4878344432105743,0.48407357782375615,0.4425215111189406
0.10261991321343261,1.4887793400519291,0.7746401412045154,0.4895948350414294
4.867173498742891,1.4396359844978976,6.415436399670932,0.5494975050020467
9.753951767039819,1.4974514352991657,12.872492035229072,0.5015212525819711
0.12095706748380486,1.4608417328026315,0.8719214654190163,0.6308358548629502
0.08176098782923746,1.447998357026515,0.8775749613800743,0.6074970252424001
0.07911645871428655,1.453845355489565,0.8941618333383482,0.607346335316161
2.5408080321491457,1.4925288264746372,4.202361683464052,0.5449059818629407
0.26977483960013465,1.4311370871039775,1.1046771523028187,0.5667475134177161
0.5456716852002674,1.4376895711496582,1.435975396940481,0.5568953693478448
0.38843871516851214,1.419667982849623,1.24259651262441,0.5466436026504716
4.606957487603385,1.4518937965681613,6.0852466643628125,0.5390496645392795
0.12930101402058428,1.48694705777797,0.6911149103791033,0.4692861260629977
-0.046875160889712886,1.4714899985064465,0.5016956286097903,0.4768905628248913
1.0370926797739646,1.4672658188408834,2.073273069880491,0.6189685928034565
1.0980537546084026,1.4856499894716364,2.147392764539411,0.5840490345961795
-0.15638135919149287,1.4450548909301042,0.5497654306703713,0.6700384886000491
-0.0952722092651739,1.4830694069158186,0.4452313549764304,0.4575311220350601
0.29674538763479036,1.485961196740641,0.9363769146735167,0.4475552697281145
0.1083870825942361,1.4307781769410834,0.8787641901585646,0.5381966655531096
2.892758583514485,1.430343710626025,4.064989296140041,0.5608519430877515
10.058011293834177,1.465482966280562,13.256140285077404,0.5252364503928374
-0.08256218822183685,1.4596586349678848,0.6711125407639971,0.621683563341379
3.1059336818756393,1.4278994824953053,4.347488090095301,0.5741482921231853
-0.261832958048837,1.6259428883448348,0.3285419648984942,0.349895775195026
2.2029278493464446,1.486147222504661,3.7411884283753287,0.5436310003004805
3.5710239168156903,1.4303158490035692,4.925063144238588,0.5598519005854994
-0.046622046147460336,1.474809481938305,0.5464917057957185,0.4573213650722593
5.039315855290091,1.4295572216514563,6.527216532505858,0.5627837605079502
7.281251345645052,1.527422567616532,10.101654948331216,0.5129963484376265
